image_id,image_path,crop_name,crop_id,disease_name,disease_id,class_name,source,split
chilli_anthracnose_82c2ee84edf7,data/vision_dataset/train/chilli_anthracnose/chilli_anthracnose_82c2ee84edf7.jpg,Chilli,chilli,Anthracnose / Dieback and Fruit Rot (Colletotrichum capsici),DIS_010,chilli_anthracnose,AgroNerve_Vision_Corpus,train
chilli_anthracnose_891d434f9ab6,data/vision_dataset/train/chilli_anthracnose/chilli_anthracnose_891d434f9ab6.jpg,Chilli,chilli,Anthracnose / Dieback and Fruit Rot (Colletotrichum capsici),DIS_010,chilli_anthracnose,AgroNerve_Vision_Corpus,train
chilli_anthracnose_cfd9c0ed2d75,data/vision_dataset/train/chilli_anthracnose/chilli_anthracnose_cfd9c0ed2d75.jpg,Chilli,chilli,Anthracnose / Dieback and Fruit Rot (Colletotrichum capsici),DIS_010,chilli_anthracnose,AgroNerve_Vision_Corpus,train
chilli_anthracnose_e50065fbb581,data/vision_dataset/train/chilli_anthracnose/chilli_anthracnose_e50065fbb581.jpg,Chilli,chilli,Anthracnose / Dieback and Fruit Rot (Colletotrichum capsici),DIS_010,chilli_anthracnose,AgroNerve_Vision_Corpus,train
chilli_anthracnose_6c1621ea2b07,data/vision_dataset/train/chilli_anthracnose/chilli_anthracnose_6c1621ea2b07.jpg,Chilli,chilli,Anthracnose / Dieback and Fruit Rot (Colletotrichum capsici),DIS_010,chilli_anthracnose,AgroNerve_Vision_Corpus,train
chilli_anthracnose_b0d07a2eddf2,data/vision_dataset/train/chilli_anthracnose/chilli_anthracnose_b0d07a2eddf2.jpg,Chilli,chilli,Anthracnose / Dieback and Fruit Rot (Colletotrichum capsici),DIS_010,chilli_anthracnose,AgroNerve_Vision_Corpus,train
chilli_anthracnose_04d52943b696,data/vision_dataset/validation/chilli_anthracnose/chilli_anthracnose_04d52943b696.jpg,Chilli,chilli,Anthracnose / Dieback and Fruit Rot (Colletotrichum capsici),DIS_010,chilli_anthracnose,AgroNerve_Vision_Corpus,validation
chilli_anthracnose_25ed9a44a322,data/vision_dataset/test/chilli_anthracnose/chilli_anthracnose_25ed9a44a322.jpg,Chilli,chilli,Anthracnose / Dieback and Fruit Rot (Colletotrichum capsici),DIS_010,chilli_anthracnose,AgroNerve_Vision_Corpus,test
chilli_healthy_45238bc92847,data/vision_dataset/train/chilli_healthy/chilli_healthy_45238bc92847.jpg,Chilli,chilli,Healthy,HLT_CHILLI,chilli_healthy,AgroNerve_Vision_Corpus,train
chilli_healthy_0f725872523a,data/vision_dataset/train/chilli_healthy/chilli_healthy_0f725872523a.jpg,Chilli,chilli,Healthy,HLT_CHILLI,chilli_healthy,AgroNerve_Vision_Corpus,train
chilli_healthy_35a419a52da3,data/vision_dataset/train/chilli_healthy/chilli_healthy_35a419a52da3.jpg,Chilli,chilli,Healthy,HLT_CHILLI,chilli_healthy,AgroNerve_Vision_Corpus,train
chilli_healthy_ecc322e08ae7,data/vision_dataset/train/chilli_healthy/chilli_healthy_ecc322e08ae7.jpg,Chilli,chilli,Healthy,HLT_CHILLI,chilli_healthy,AgroNerve_Vision_Corpus,train
chilli_healthy_93db21aa0f45,data/vision_dataset/train/chilli_healthy/chilli_healthy_93db21aa0f45.jpg,Chilli,chilli,Healthy,HLT_CHILLI,chilli_healthy,AgroNerve_Vision_Corpus,train
chilli_healthy_0a4b94ca8f77,data/vision_dataset/validation/chilli_healthy/chilli_healthy_0a4b94ca8f77.jpg,Chilli,chilli,Healthy,HLT_CHILLI,chilli_healthy,AgroNerve_Vision_Corpus,validation
chilli_healthy_c9f88dc72f47,data/vision_dataset/test/chilli_healthy/chilli_healthy_c9f88dc72f47.jpg,Chilli,chilli,Healthy,HLT_CHILLI,chilli_healthy,AgroNerve_Vision_Corpus,test
paddy_blast_5c6d850d1629,data/vision_dataset/train/paddy_blast/paddy_blast_5c6d850d1629.jpg,Paddy (Rice),paddy,Blast (Magnaporthe oryzae),DIS_001,paddy_blast,AgroNerve_Vision_Corpus,train
paddy_blast_968dd517ef5f,data/vision_dataset/train/paddy_blast/paddy_blast_968dd517ef5f.jpg,Paddy (Rice),paddy,Blast (Magnaporthe oryzae),DIS_001,paddy_blast,AgroNerve_Vision_Corpus,train
paddy_blast_ab995a9d7d2c,data/vision_dataset/validation/paddy_blast/paddy_blast_ab995a9d7d2c.jpg,Paddy (Rice),paddy,Blast (Magnaporthe oryzae),DIS_001,paddy_blast,AgroNerve_Vision_Corpus,validation
paddy_blast_1afe2115e86e,data/vision_dataset/test/paddy_blast/paddy_blast_1afe2115e86e.jpg,Paddy (Rice),paddy,Blast (Magnaporthe oryzae),DIS_001,paddy_blast,AgroNerve_Vision_Corpus,test
paddy_healthy_508eb96f0652,data/vision_dataset/train/paddy_healthy/paddy_healthy_508eb96f0652.jpg,Paddy,paddy,Healthy,HLT_PADDY,paddy_healthy,AgroNerve_Vision_Corpus,train
paddy_healthy_308cface0098,data/vision_dataset/train/paddy_healthy/paddy_healthy_308cface0098.jpg,Paddy,paddy,Healthy,HLT_PADDY,paddy_healthy,AgroNerve_Vision_Corpus,train
paddy_healthy_e1fdf2e7be20,data/vision_dataset/train/paddy_healthy/paddy_healthy_e1fdf2e7be20.jpg,Paddy,paddy,Healthy,HLT_PADDY,paddy_healthy,AgroNerve_Vision_Corpus,train
paddy_healthy_a20a05388d6d,data/vision_dataset/train/paddy_healthy/paddy_healthy_a20a05388d6d.jpg,Paddy,paddy,Healthy,HLT_PADDY,paddy_healthy,AgroNerve_Vision_Corpus,train
paddy_healthy_372dd8001f56,data/vision_dataset/train/paddy_healthy/paddy_healthy_372dd8001f56.jpg,Paddy,paddy,Healthy,HLT_PADDY,paddy_healthy,AgroNerve_Vision_Corpus,train
paddy_healthy_4b05340c0fb2,data/vision_dataset/train/paddy_healthy/paddy_healthy_4b05340c0fb2.jpg,Paddy,paddy,Healthy,HLT_PADDY,paddy_healthy,AgroNerve_Vision_Corpus,train
paddy_healthy_f6e9071d227e,data/vision_dataset/train/paddy_healthy/paddy_healthy_f6e9071d227e.jpg,Paddy,paddy,Healthy,HLT_PADDY,paddy_healthy,AgroNerve_Vision_Corpus,train
paddy_healthy_93b96a900d8b,data/vision_dataset/train/paddy_healthy/paddy_healthy_93b96a900d8b.jpg,Paddy,paddy,Healthy,HLT_PADDY,paddy_healthy,AgroNerve_Vision_Corpus,train
paddy_healthy_f71dc4c0b032,data/vision_dataset/train/paddy_healthy/paddy_healthy_f71dc4c0b032.jpg,Paddy,paddy,Healthy,HLT_PADDY,paddy_healthy,AgroNerve_Vision_Corpus,train
paddy_healthy_99bec2bf3ec8,data/vision_dataset/train/paddy_healthy/paddy_healthy_99bec2bf3ec8.jpg,Paddy,paddy,Healthy,HLT_PADDY,paddy_healthy,AgroNerve_Vision_Corpus,train
paddy_healthy_3e8cc937bc80,data/vision_dataset/train/paddy_healthy/paddy_healthy_3e8cc937bc80.jpg,Paddy,paddy,Healthy,HLT_PADDY,paddy_healthy,AgroNerve_Vision_Corpus,train
paddy_healthy_ef12fddf60d7,data/vision_dataset/train/paddy_healthy/paddy_healthy_ef12fddf60d7.jpg,Paddy,paddy,Healthy,HLT_PADDY,paddy_healthy,AgroNerve_Vision_Corpus,train
paddy_healthy_2c62348c698d,data/vision_dataset/validation/paddy_healthy/paddy_healthy_2c62348c698d.jpg,Paddy,paddy,Healthy,HLT_PADDY,paddy_healthy,AgroNerve_Vision_Corpus,validation
paddy_healthy_68b8268b7604,data/vision_dataset/validation/paddy_healthy/paddy_healthy_68b8268b7604.jpg,Paddy,paddy,Healthy,HLT_PADDY,paddy_healthy,AgroNerve_Vision_Corpus,validation
paddy_healthy_574fbd959790,data/vision_dataset/validation/paddy_healthy/paddy_healthy_574fbd959790.jpg,Paddy,paddy,Healthy,HLT_PADDY,paddy_healthy,AgroNerve_Vision_Corpus,validation
paddy_healthy_555bf14007ca,data/vision_dataset/test/paddy_healthy/paddy_healthy_555bf14007ca.jpg,Paddy,paddy,Healthy,HLT_PADDY,paddy_healthy,AgroNerve_Vision_Corpus,test
paddy_healthy_50feab97ce7d,data/vision_dataset/test/paddy_healthy/paddy_healthy_50feab97ce7d.jpg,Paddy,paddy,Healthy,HLT_PADDY,paddy_healthy,AgroNerve_Vision_Corpus,test
paddy_sheath_blight_d15de05a6ac5,data/vision_dataset/train/paddy_sheath_blight/paddy_sheath_blight_d15de05a6ac5.jpg,Paddy (Rice),paddy,Sheath Blight (Rhizoctonia solani),DIS_003,paddy_sheath_blight,AgroNerve_Vision_Corpus,train
paddy_sheath_blight_e475dd934d66,data/vision_dataset/test/paddy_sheath_blight/paddy_sheath_blight_e475dd934d66.jpg,Paddy (Rice),paddy,Sheath Blight (Rhizoctonia solani),DIS_003,paddy_sheath_blight,AgroNerve_Vision_Corpus,test
potato_early_blight_cee95f1a5c6b,data/vision_dataset/train/potato_early_blight/potato_early_blight_cee95f1a5c6b.jpg,Potato,potato,Potato Early Blight (Alternaria solani),DIS_011,potato_early_blight,AgroNerve_Vision_Corpus,train
potato_early_blight_84c382226d1c,data/vision_dataset/train/potato_early_blight/potato_early_blight_84c382226d1c.jpg,Potato,potato,Potato Early Blight (Alternaria solani),DIS_011,potato_early_blight,AgroNerve_Vision_Corpus,train
potato_early_blight_66001a751881,data/vision_dataset/train/potato_early_blight/potato_early_blight_66001a751881.jpg,Potato,potato,Potato Early Blight (Alternaria solani),DIS_011,potato_early_blight,AgroNerve_Vision_Corpus,train
potato_early_blight_9654a4dae3f1,data/vision_dataset/train/potato_early_blight/potato_early_blight_9654a4dae3f1.jpg,Potato,potato,Potato Early Blight (Alternaria solani),DIS_011,potato_early_blight,AgroNerve_Vision_Corpus,train
potato_early_blight_634551e9fadf,data/vision_dataset/train/potato_early_blight/potato_early_blight_634551e9fadf.jpg,Potato,potato,Potato Early Blight (Alternaria solani),DIS_011,potato_early_blight,AgroNerve_Vision_Corpus,train
potato_early_blight_8850d2fa6da7,data/vision_dataset/train/potato_early_blight/potato_early_blight_8850d2fa6da7.jpg,Potato,potato,Potato Early Blight (Alternaria solani),DIS_011,potato_early_blight,AgroNerve_Vision_Corpus,train
potato_early_blight_05964f08b186,data/vision_dataset/train/potato_early_blight/potato_early_blight_05964f08b186.jpg,Potato,potato,Potato Early Blight (Alternaria solani),DIS_011,potato_early_blight,AgroNerve_Vision_Corpus,train
potato_early_blight_16bb2d280c15,data/vision_dataset/train/potato_early_blight/potato_early_blight_16bb2d280c15.jpg,Potato,potato,Potato Early Blight (Alternaria solani),DIS_011,potato_early_blight,AgroNerve_Vision_Corpus,train
potato_early_blight_5ff983b08955,data/vision_dataset/validation/potato_early_blight/potato_early_blight_5ff983b08955.jpg,Potato,potato,Potato Early Blight (Alternaria solani),DIS_011,potato_early_blight,AgroNerve_Vision_Corpus,validation
potato_early_blight_2c968a0548bc,data/vision_dataset/validation/potato_early_blight/potato_early_blight_2c968a0548bc.jpg,Potato,potato,Potato Early Blight (Alternaria solani),DIS_011,potato_early_blight,AgroNerve_Vision_Corpus,validation
potato_early_blight_19da86b922c8,data/vision_dataset/test/potato_early_blight/potato_early_blight_19da86b922c8.jpg,Potato,potato,Potato Early Blight (Alternaria solani),DIS_011,potato_early_blight,AgroNerve_Vision_Corpus,test
potato_early_blight_46e7838202de,data/vision_dataset/test/potato_early_blight/potato_early_blight_46e7838202de.jpg,Potato,potato,Potato Early Blight (Alternaria solani),DIS_011,potato_early_blight,AgroNerve_Vision_Corpus,test
potato_healthy_395cc3156d41,data/vision_dataset/train/potato_healthy/potato_healthy_395cc3156d41.jpg,Potato,potato,Healthy,HLT_POTATO,potato_healthy,AgroNerve_Vision_Corpus,train
potato_healthy_aefeaefb33e3,data/vision_dataset/train/potato_healthy/potato_healthy_aefeaefb33e3.jpg,Potato,potato,Healthy,HLT_POTATO,potato_healthy,AgroNerve_Vision_Corpus,train
potato_healthy_5833e22fb736,data/vision_dataset/train/potato_healthy/potato_healthy_5833e22fb736.jpg,Potato,potato,Healthy,HLT_POTATO,potato_healthy,AgroNerve_Vision_Corpus,train
potato_healthy_beae220f27f9,data/vision_dataset/train/potato_healthy/potato_healthy_beae220f27f9.jpg,Potato,potato,Healthy,HLT_POTATO,potato_healthy,AgroNerve_Vision_Corpus,train
potato_healthy_55980cd2f46c,data/vision_dataset/train/potato_healthy/potato_healthy_55980cd2f46c.jpg,Potato,potato,Healthy,HLT_POTATO,potato_healthy,AgroNerve_Vision_Corpus,train
potato_healthy_c5be4d0310ed,data/vision_dataset/train/potato_healthy/potato_healthy_c5be4d0310ed.jpg,Potato,potato,Healthy,HLT_POTATO,potato_healthy,AgroNerve_Vision_Corpus,train
potato_healthy_a03cad2667d9,data/vision_dataset/train/potato_healthy/potato_healthy_a03cad2667d9.jpg,Potato,potato,Healthy,HLT_POTATO,potato_healthy,AgroNerve_Vision_Corpus,train
potato_healthy_f8b994f16dca,data/vision_dataset/train/potato_healthy/potato_healthy_f8b994f16dca.jpg,Potato,potato,Healthy,HLT_POTATO,potato_healthy,AgroNerve_Vision_Corpus,train
potato_healthy_94e59d6a0ee5,data/vision_dataset/train/potato_healthy/potato_healthy_94e59d6a0ee5.jpg,Potato,potato,Healthy,HLT_POTATO,potato_healthy,AgroNerve_Vision_Corpus,train
potato_healthy_380cf4879c57,data/vision_dataset/train/potato_healthy/potato_healthy_380cf4879c57.jpg,Potato,potato,Healthy,HLT_POTATO,potato_healthy,AgroNerve_Vision_Corpus,train
potato_healthy_c8f0bc1d4cbe,data/vision_dataset/train/potato_healthy/potato_healthy_c8f0bc1d4cbe.jpg,Potato,potato,Healthy,HLT_POTATO,potato_healthy,AgroNerve_Vision_Corpus,train
potato_healthy_81305f6c1d1c,data/vision_dataset/train/potato_healthy/potato_healthy_81305f6c1d1c.jpg,Potato,potato,Healthy,HLT_POTATO,potato_healthy,AgroNerve_Vision_Corpus,train
potato_healthy_0b67017f4071,data/vision_dataset/train/potato_healthy/potato_healthy_0b67017f4071.jpg,Potato,potato,Healthy,HLT_POTATO,potato_healthy,AgroNerve_Vision_Corpus,train
potato_healthy_ff06f267d4e6,data/vision_dataset/train/potato_healthy/potato_healthy_ff06f267d4e6.jpg,Potato,potato,Healthy,HLT_POTATO,potato_healthy,AgroNerve_Vision_Corpus,train
potato_healthy_a1f8bf32e990,data/vision_dataset/train/potato_healthy/potato_healthy_a1f8bf32e990.jpg,Potato,potato,Healthy,HLT_POTATO,potato_healthy,AgroNerve_Vision_Corpus,train
potato_healthy_4428fd57dcb4,data/vision_dataset/train/potato_healthy/potato_healthy_4428fd57dcb4.jpg,Potato,potato,Healthy,HLT_POTATO,potato_healthy,AgroNerve_Vision_Corpus,train
potato_healthy_85da2467d346,data/vision_dataset/train/potato_healthy/potato_healthy_85da2467d346.jpg,Potato,potato,Healthy,HLT_POTATO,potato_healthy,AgroNerve_Vision_Corpus,train
potato_healthy_6a83a2649a94,data/vision_dataset/train/potato_healthy/potato_healthy_6a83a2649a94.jpg,Potato,potato,Healthy,HLT_POTATO,potato_healthy,AgroNerve_Vision_Corpus,train
potato_healthy_caa9d61bb0f5,data/vision_dataset/train/potato_healthy/potato_healthy_caa9d61bb0f5.jpg,Potato,potato,Healthy,HLT_POTATO,potato_healthy,AgroNerve_Vision_Corpus,train
potato_healthy_17d538df4f75,data/vision_dataset/validation/potato_healthy/potato_healthy_17d538df4f75.jpg,Potato,potato,Healthy,HLT_POTATO,potato_healthy,AgroNerve_Vision_Corpus,validation
potato_healthy_88d00f219b0a,data/vision_dataset/validation/potato_healthy/potato_healthy_88d00f219b0a.jpg,Potato,potato,Healthy,HLT_POTATO,potato_healthy,AgroNerve_Vision_Corpus,validation
potato_healthy_2a591aa5d93c,data/vision_dataset/validation/potato_healthy/potato_healthy_2a591aa5d93c.jpg,Potato,potato,Healthy,HLT_POTATO,potato_healthy,AgroNerve_Vision_Corpus,validation
potato_healthy_ab28b1991daf,data/vision_dataset/validation/potato_healthy/potato_healthy_ab28b1991daf.jpg,Potato,potato,Healthy,HLT_POTATO,potato_healthy,AgroNerve_Vision_Corpus,validation
potato_healthy_9567ecc342e2,data/vision_dataset/test/potato_healthy/potato_healthy_9567ecc342e2.jpg,Potato,potato,Healthy,HLT_POTATO,potato_healthy,AgroNerve_Vision_Corpus,test
potato_healthy_dfbca15d8e99,data/vision_dataset/test/potato_healthy/potato_healthy_dfbca15d8e99.jpg,Potato,potato,Healthy,HLT_POTATO,potato_healthy,AgroNerve_Vision_Corpus,test
potato_healthy_110d83634fa9,data/vision_dataset/test/potato_healthy/potato_healthy_110d83634fa9.jpg,Potato,potato,Healthy,HLT_POTATO,potato_healthy,AgroNerve_Vision_Corpus,test
potato_healthy_fb063c73150a,data/vision_dataset/test/potato_healthy/potato_healthy_fb063c73150a.jpg,Potato,potato,Healthy,HLT_POTATO,potato_healthy,AgroNerve_Vision_Corpus,test
potato_late_blight_da2f2f14ddc4,data/vision_dataset/train/potato_late_blight/potato_late_blight_da2f2f14ddc4.jpg,Potato,potato,Potato Late Blight (Phytophthora infestans),DIS_012,potato_late_blight,AgroNerve_Vision_Corpus,train
potato_late_blight_34ea53565650,data/vision_dataset/train/potato_late_blight/potato_late_blight_34ea53565650.jpg,Potato,potato,Potato Late Blight (Phytophthora infestans),DIS_012,potato_late_blight,AgroNerve_Vision_Corpus,train
potato_late_blight_67c23f72c0a3,data/vision_dataset/train/potato_late_blight/potato_late_blight_67c23f72c0a3.jpg,Potato,potato,Potato Late Blight (Phytophthora infestans),DIS_012,potato_late_blight,AgroNerve_Vision_Corpus,train
potato_late_blight_0b0b8fd352d5,data/vision_dataset/train/potato_late_blight/potato_late_blight_0b0b8fd352d5.jpg,Potato,potato,Potato Late Blight (Phytophthora infestans),DIS_012,potato_late_blight,AgroNerve_Vision_Corpus,train
potato_late_blight_b8ccc4710ecb,data/vision_dataset/train/potato_late_blight/potato_late_blight_b8ccc4710ecb.jpg,Potato,potato,Potato Late Blight (Phytophthora infestans),DIS_012,potato_late_blight,AgroNerve_Vision_Corpus,train
potato_late_blight_1655d5873374,data/vision_dataset/train/potato_late_blight/potato_late_blight_1655d5873374.jpg,Potato,potato,Potato Late Blight (Phytophthora infestans),DIS_012,potato_late_blight,AgroNerve_Vision_Corpus,train
potato_late_blight_db89e3d7fef9,data/vision_dataset/validation/potato_late_blight/potato_late_blight_db89e3d7fef9.jpg,Potato,potato,Potato Late Blight (Phytophthora infestans),DIS_012,potato_late_blight,AgroNerve_Vision_Corpus,validation
potato_late_blight_81b8f192cf94,data/vision_dataset/test/potato_late_blight/potato_late_blight_81b8f192cf94.jpg,Potato,potato,Potato Late Blight (Phytophthora infestans),DIS_012,potato_late_blight,AgroNerve_Vision_Corpus,test
potato_late_blight_2b8938c1657f,data/vision_dataset/test/potato_late_blight/potato_late_blight_2b8938c1657f.jpg,Potato,potato,Potato Late Blight (Phytophthora infestans),DIS_012,potato_late_blight,AgroNerve_Vision_Corpus,test
tomato_early_blight_832787421229,data/vision_dataset/train/tomato_early_blight/tomato_early_blight_832787421229.jpg,Tomato,tomato,Early Blight (Alternaria solani),DIS_006,tomato_early_blight,AgroNerve_Vision_Corpus,train
tomato_early_blight_d92d91a242fe,data/vision_dataset/train/tomato_early_blight/tomato_early_blight_d92d91a242fe.jpg,Tomato,tomato,Early Blight (Alternaria solani),DIS_006,tomato_early_blight,AgroNerve_Vision_Corpus,train
tomato_early_blight_5c39c220f2f0,data/vision_dataset/validation/tomato_early_blight/tomato_early_blight_5c39c220f2f0.jpg,Tomato,tomato,Early Blight (Alternaria solani),DIS_006,tomato_early_blight,AgroNerve_Vision_Corpus,validation
tomato_early_blight_6b9ba297a34e,data/vision_dataset/test/tomato_early_blight/tomato_early_blight_6b9ba297a34e.jpg,Tomato,tomato,Early Blight (Alternaria solani),DIS_006,tomato_early_blight,AgroNerve_Vision_Corpus,test
tomato_healthy_f8e1aa124803,data/vision_dataset/train/tomato_healthy/tomato_healthy_f8e1aa124803.jpg,Tomato,tomato,Healthy,HLT_TOMATO,tomato_healthy,AgroNerve_Vision_Corpus,train
tomato_healthy_bba90237ae6d,data/vision_dataset/train/tomato_healthy/tomato_healthy_bba90237ae6d.jpg,Tomato,tomato,Healthy,HLT_TOMATO,tomato_healthy,AgroNerve_Vision_Corpus,train
tomato_healthy_cd5a6bb4a0e8,data/vision_dataset/train/tomato_healthy/tomato_healthy_cd5a6bb4a0e8.jpg,Tomato,tomato,Healthy,HLT_TOMATO,tomato_healthy,AgroNerve_Vision_Corpus,train
tomato_healthy_3c17a1f02667,data/vision_dataset/train/tomato_healthy/tomato_healthy_3c17a1f02667.jpg,Tomato,tomato,Healthy,HLT_TOMATO,tomato_healthy,AgroNerve_Vision_Corpus,train
tomato_healthy_1f43f48337b5,data/vision_dataset/train/tomato_healthy/tomato_healthy_1f43f48337b5.jpg,Tomato,tomato,Healthy,HLT_TOMATO,tomato_healthy,AgroNerve_Vision_Corpus,train
tomato_healthy_3e79f53f2b44,data/vision_dataset/train/tomato_healthy/tomato_healthy_3e79f53f2b44.jpg,Tomato,tomato,Healthy,HLT_TOMATO,tomato_healthy,AgroNerve_Vision_Corpus,train
tomato_healthy_85b22106f9a5,data/vision_dataset/train/tomato_healthy/tomato_healthy_85b22106f9a5.jpg,Tomato,tomato,Healthy,HLT_TOMATO,tomato_healthy,AgroNerve_Vision_Corpus,train
tomato_healthy_558ebd1116e9,data/vision_dataset/train/tomato_healthy/tomato_healthy_558ebd1116e9.jpg,Tomato,tomato,Healthy,HLT_TOMATO,tomato_healthy,AgroNerve_Vision_Corpus,train
tomato_healthy_cacdb1e03016,data/vision_dataset/validation/tomato_healthy/tomato_healthy_cacdb1e03016.jpg,Tomato,tomato,Healthy,HLT_TOMATO,tomato_healthy,AgroNerve_Vision_Corpus,validation
tomato_healthy_781e08976901,data/vision_dataset/validation/tomato_healthy/tomato_healthy_781e08976901.jpg,Tomato,tomato,Healthy,HLT_TOMATO,tomato_healthy,AgroNerve_Vision_Corpus,validation
tomato_healthy_93f6b962f88f,data/vision_dataset/test/tomato_healthy/tomato_healthy_93f6b962f88f.jpg,Tomato,tomato,Healthy,HLT_TOMATO,tomato_healthy,AgroNerve_Vision_Corpus,test
tomato_late_blight_1743cf906073,data/vision_dataset/train/tomato_late_blight/tomato_late_blight_1743cf906073.jpg,Tomato,tomato,Late Blight (Phytophthora infestans),DIS_007,tomato_late_blight,AgroNerve_Vision_Corpus,train
tomato_late_blight_fd71d6296e8b,data/vision_dataset/validation/tomato_late_blight/tomato_late_blight_fd71d6296e8b.jpg,Tomato,tomato,Late Blight (Phytophthora infestans),DIS_007,tomato_late_blight,AgroNerve_Vision_Corpus,validation
tomato_late_blight_f7a5f81c9afd,data/vision_dataset/test/tomato_late_blight/tomato_late_blight_f7a5f81c9afd.jpg,Tomato,tomato,Late Blight (Phytophthora infestans),DIS_007,tomato_late_blight,AgroNerve_Vision_Corpus,test
tomato_leaf_curl_virus_14f16550381b,data/vision_dataset/train/tomato_leaf_curl_virus/tomato_leaf_curl_virus_14f16550381b.jpg,Tomato,tomato,Tomato Yellow Leaf Curl Virus (TYLCV),DIS_008,tomato_leaf_curl_virus,AgroNerve_Vision_Corpus,train
tomato_leaf_curl_virus_ac1b8f6465ac,data/vision_dataset/train/tomato_leaf_curl_virus/tomato_leaf_curl_virus_ac1b8f6465ac.jpg,Tomato,tomato,Tomato Yellow Leaf Curl Virus (TYLCV),DIS_008,tomato_leaf_curl_virus,AgroNerve_Vision_Corpus,train
tomato_leaf_curl_virus_cfde70e333b4,data/vision_dataset/train/tomato_leaf_curl_virus/tomato_leaf_curl_virus_cfde70e333b4.jpg,Tomato,tomato,Tomato Yellow Leaf Curl Virus (TYLCV),DIS_008,tomato_leaf_curl_virus,AgroNerve_Vision_Corpus,train
tomato_leaf_curl_virus_5dfc2b3daecb,data/vision_dataset/train/tomato_leaf_curl_virus/tomato_leaf_curl_virus_5dfc2b3daecb.jpg,Tomato,tomato,Tomato Yellow Leaf Curl Virus (TYLCV),DIS_008,tomato_leaf_curl_virus,AgroNerve_Vision_Corpus,train
tomato_leaf_curl_virus_a39b6efadd88,data/vision_dataset/train/tomato_leaf_curl_virus/tomato_leaf_curl_virus_a39b6efadd88.jpg,Tomato,tomato,Tomato Yellow Leaf Curl Virus (TYLCV),DIS_008,tomato_leaf_curl_virus,AgroNerve_Vision_Corpus,train
tomato_leaf_curl_virus_f0b37c8ff8df,data/vision_dataset/train/tomato_leaf_curl_virus/tomato_leaf_curl_virus_f0b37c8ff8df.jpg,Tomato,tomato,Tomato Yellow Leaf Curl Virus (TYLCV),DIS_008,tomato_leaf_curl_virus,AgroNerve_Vision_Corpus,train
tomato_leaf_curl_virus_483f9c760601,data/vision_dataset/train/tomato_leaf_curl_virus/tomato_leaf_curl_virus_483f9c760601.jpg,Tomato,tomato,Tomato Yellow Leaf Curl Virus (TYLCV),DIS_008,tomato_leaf_curl_virus,AgroNerve_Vision_Corpus,train
tomato_leaf_curl_virus_d0f7b1d5759c,data/vision_dataset/train/tomato_leaf_curl_virus/tomato_leaf_curl_virus_d0f7b1d5759c.jpg,Tomato,tomato,Tomato Yellow Leaf Curl Virus (TYLCV),DIS_008,tomato_leaf_curl_virus,AgroNerve_Vision_Corpus,train
tomato_leaf_curl_virus_defa9540d106,data/vision_dataset/train/tomato_leaf_curl_virus/tomato_leaf_curl_virus_defa9540d106.jpg,Tomato,tomato,Tomato Yellow Leaf Curl Virus (TYLCV),DIS_008,tomato_leaf_curl_virus,AgroNerve_Vision_Corpus,train
tomato_leaf_curl_virus_9c5965a306d4,data/vision_dataset/train/tomato_leaf_curl_virus/tomato_leaf_curl_virus_9c5965a306d4.jpg,Tomato,tomato,Tomato Yellow Leaf Curl Virus (TYLCV),DIS_008,tomato_leaf_curl_virus,AgroNerve_Vision_Corpus,train
tomato_leaf_curl_virus_516f47c69f0e,data/vision_dataset/train/tomato_leaf_curl_virus/tomato_leaf_curl_virus_516f47c69f0e.jpg,Tomato,tomato,Tomato Yellow Leaf Curl Virus (TYLCV),DIS_008,tomato_leaf_curl_virus,AgroNerve_Vision_Corpus,train
tomato_leaf_curl_virus_848c12f42aea,data/vision_dataset/train/tomato_leaf_curl_virus/tomato_leaf_curl_virus_848c12f42aea.jpg,Tomato,tomato,Tomato Yellow Leaf Curl Virus (TYLCV),DIS_008,tomato_leaf_curl_virus,AgroNerve_Vision_Corpus,train
tomato_leaf_curl_virus_bf405656cac7,data/vision_dataset/validation/tomato_leaf_curl_virus/tomato_leaf_curl_virus_bf405656cac7.jpg,Tomato,tomato,Tomato Yellow Leaf Curl Virus (TYLCV),DIS_008,tomato_leaf_curl_virus,AgroNerve_Vision_Corpus,validation
tomato_leaf_curl_virus_a686960838d1,data/vision_dataset/validation/tomato_leaf_curl_virus/tomato_leaf_curl_virus_a686960838d1.jpg,Tomato,tomato,Tomato Yellow Leaf Curl Virus (TYLCV),DIS_008,tomato_leaf_curl_virus,AgroNerve_Vision_Corpus,validation
tomato_leaf_curl_virus_dca70e33fc24,data/vision_dataset/validation/tomato_leaf_curl_virus/tomato_leaf_curl_virus_dca70e33fc24.jpg,Tomato,tomato,Tomato Yellow Leaf Curl Virus (TYLCV),DIS_008,tomato_leaf_curl_virus,AgroNerve_Vision_Corpus,validation
tomato_leaf_curl_virus_850ddee9e19c,data/vision_dataset/test/tomato_leaf_curl_virus/tomato_leaf_curl_virus_850ddee9e19c.jpg,Tomato,tomato,Tomato Yellow Leaf Curl Virus (TYLCV),DIS_008,tomato_leaf_curl_virus,AgroNerve_Vision_Corpus,test
tomato_leaf_curl_virus_4f95f69c5591,data/vision_dataset/test/tomato_leaf_curl_virus/tomato_leaf_curl_virus_4f95f69c5591.jpg,Tomato,tomato,Tomato Yellow Leaf Curl Virus (TYLCV),DIS_008,tomato_leaf_curl_virus,AgroNerve_Vision_Corpus,test
wheat_healthy_f346201b0b4e,data/vision_dataset/train/wheat_healthy/wheat_healthy_f346201b0b4e.jpg,Wheat,wheat,Healthy,HLT_WHEAT,wheat_healthy,AgroNerve_Vision_Corpus,train
wheat_healthy_ed607c03eb9d,data/vision_dataset/train/wheat_healthy/wheat_healthy_ed607c03eb9d.jpg,Wheat,wheat,Healthy,HLT_WHEAT,wheat_healthy,AgroNerve_Vision_Corpus,train
wheat_healthy_53409b67b906,data/vision_dataset/train/wheat_healthy/wheat_healthy_53409b67b906.jpg,Wheat,wheat,Healthy,HLT_WHEAT,wheat_healthy,AgroNerve_Vision_Corpus,train
wheat_healthy_71036650ed82,data/vision_dataset/train/wheat_healthy/wheat_healthy_71036650ed82.jpg,Wheat,wheat,Healthy,HLT_WHEAT,wheat_healthy,AgroNerve_Vision_Corpus,train
wheat_healthy_a0c4f11b2481,data/vision_dataset/train/wheat_healthy/wheat_healthy_a0c4f11b2481.jpg,Wheat,wheat,Healthy,HLT_WHEAT,wheat_healthy,AgroNerve_Vision_Corpus,train
wheat_healthy_bc1028ffdce4,data/vision_dataset/train/wheat_healthy/wheat_healthy_bc1028ffdce4.jpg,Wheat,wheat,Healthy,HLT_WHEAT,wheat_healthy,AgroNerve_Vision_Corpus,train
wheat_healthy_4d61ab5bcfd7,data/vision_dataset/train/wheat_healthy/wheat_healthy_4d61ab5bcfd7.jpg,Wheat,wheat,Healthy,HLT_WHEAT,wheat_healthy,AgroNerve_Vision_Corpus,train
wheat_healthy_b3b28a4c123e,data/vision_dataset/train/wheat_healthy/wheat_healthy_b3b28a4c123e.jpg,Wheat,wheat,Healthy,HLT_WHEAT,wheat_healthy,AgroNerve_Vision_Corpus,train
wheat_healthy_dc1de337454c,data/vision_dataset/train/wheat_healthy/wheat_healthy_dc1de337454c.jpg,Wheat,wheat,Healthy,HLT_WHEAT,wheat_healthy,AgroNerve_Vision_Corpus,train
wheat_healthy_f5a31e5f1c92,data/vision_dataset/train/wheat_healthy/wheat_healthy_f5a31e5f1c92.jpg,Wheat,wheat,Healthy,HLT_WHEAT,wheat_healthy,AgroNerve_Vision_Corpus,train
wheat_healthy_5c70e45fae4e,data/vision_dataset/train/wheat_healthy/wheat_healthy_5c70e45fae4e.jpg,Wheat,wheat,Healthy,HLT_WHEAT,wheat_healthy,AgroNerve_Vision_Corpus,train
wheat_healthy_06717d2925b6,data/vision_dataset/train/wheat_healthy/wheat_healthy_06717d2925b6.jpg,Wheat,wheat,Healthy,HLT_WHEAT,wheat_healthy,AgroNerve_Vision_Corpus,train
wheat_healthy_f7a05bd34df7,data/vision_dataset/train/wheat_healthy/wheat_healthy_f7a05bd34df7.jpg,Wheat,wheat,Healthy,HLT_WHEAT,wheat_healthy,AgroNerve_Vision_Corpus,train
wheat_healthy_c3cbe5b31d82,data/vision_dataset/train/wheat_healthy/wheat_healthy_c3cbe5b31d82.jpg,Wheat,wheat,Healthy,HLT_WHEAT,wheat_healthy,AgroNerve_Vision_Corpus,train
wheat_healthy_4ff5ac6bf9c5,data/vision_dataset/train/wheat_healthy/wheat_healthy_4ff5ac6bf9c5.jpg,Wheat,wheat,Healthy,HLT_WHEAT,wheat_healthy,AgroNerve_Vision_Corpus,train
wheat_healthy_854eb7b55625,data/vision_dataset/train/wheat_healthy/wheat_healthy_854eb7b55625.jpg,Wheat,wheat,Healthy,HLT_WHEAT,wheat_healthy,AgroNerve_Vision_Corpus,train
wheat_healthy_94da734763ec,data/vision_dataset/train/wheat_healthy/wheat_healthy_94da734763ec.jpg,Wheat,wheat,Healthy,HLT_WHEAT,wheat_healthy,AgroNerve_Vision_Corpus,train
wheat_healthy_7e808a9cb6f7,data/vision_dataset/train/wheat_healthy/wheat_healthy_7e808a9cb6f7.jpg,Wheat,wheat,Healthy,HLT_WHEAT,wheat_healthy,AgroNerve_Vision_Corpus,train
wheat_healthy_d79424511d5c,data/vision_dataset/train/wheat_healthy/wheat_healthy_d79424511d5c.jpg,Wheat,wheat,Healthy,HLT_WHEAT,wheat_healthy,AgroNerve_Vision_Corpus,train
wheat_healthy_823434382214,data/vision_dataset/train/wheat_healthy/wheat_healthy_823434382214.jpg,Wheat,wheat,Healthy,HLT_WHEAT,wheat_healthy,AgroNerve_Vision_Corpus,train
wheat_healthy_493c2f0703bd,data/vision_dataset/train/wheat_healthy/wheat_healthy_493c2f0703bd.jpg,Wheat,wheat,Healthy,HLT_WHEAT,wheat_healthy,AgroNerve_Vision_Corpus,train
wheat_healthy_b710d1ba76bd,data/vision_dataset/train/wheat_healthy/wheat_healthy_b710d1ba76bd.jpg,Wheat,wheat,Healthy,HLT_WHEAT,wheat_healthy,AgroNerve_Vision_Corpus,train
wheat_healthy_eabb2f5f43d2,data/vision_dataset/train/wheat_healthy/wheat_healthy_eabb2f5f43d2.jpg,Wheat,wheat,Healthy,HLT_WHEAT,wheat_healthy,AgroNerve_Vision_Corpus,train
wheat_healthy_377c7c21bbc6,data/vision_dataset/train/wheat_healthy/wheat_healthy_377c7c21bbc6.jpg,Wheat,wheat,Healthy,HLT_WHEAT,wheat_healthy,AgroNerve_Vision_Corpus,train
wheat_healthy_237f3ad53d8b,data/vision_dataset/validation/wheat_healthy/wheat_healthy_237f3ad53d8b.jpg,Wheat,wheat,Healthy,HLT_WHEAT,wheat_healthy,AgroNerve_Vision_Corpus,validation
wheat_healthy_cc94c334659c,data/vision_dataset/validation/wheat_healthy/wheat_healthy_cc94c334659c.jpg,Wheat,wheat,Healthy,HLT_WHEAT,wheat_healthy,AgroNerve_Vision_Corpus,validation
wheat_healthy_32fed7a9c73d,data/vision_dataset/validation/wheat_healthy/wheat_healthy_32fed7a9c73d.jpg,Wheat,wheat,Healthy,HLT_WHEAT,wheat_healthy,AgroNerve_Vision_Corpus,validation
wheat_healthy_8b39d2066d9d,data/vision_dataset/validation/wheat_healthy/wheat_healthy_8b39d2066d9d.jpg,Wheat,wheat,Healthy,HLT_WHEAT,wheat_healthy,AgroNerve_Vision_Corpus,validation
wheat_healthy_92d309ae6c9c,data/vision_dataset/validation/wheat_healthy/wheat_healthy_92d309ae6c9c.jpg,Wheat,wheat,Healthy,HLT_WHEAT,wheat_healthy,AgroNerve_Vision_Corpus,validation
wheat_healthy_4477c7f22743,data/vision_dataset/test/wheat_healthy/wheat_healthy_4477c7f22743.jpg,Wheat,wheat,Healthy,HLT_WHEAT,wheat_healthy,AgroNerve_Vision_Corpus,test
wheat_healthy_4f263153c69f,data/vision_dataset/test/wheat_healthy/wheat_healthy_4f263153c69f.jpg,Wheat,wheat,Healthy,HLT_WHEAT,wheat_healthy,AgroNerve_Vision_Corpus,test
wheat_healthy_c6b00ca9ed92,data/vision_dataset/test/wheat_healthy/wheat_healthy_c6b00ca9ed92.jpg,Wheat,wheat,Healthy,HLT_WHEAT,wheat_healthy,AgroNerve_Vision_Corpus,test
wheat_healthy_d3176bd45f2b,data/vision_dataset/test/wheat_healthy/wheat_healthy_d3176bd45f2b.jpg,Wheat,wheat,Healthy,HLT_WHEAT,wheat_healthy,AgroNerve_Vision_Corpus,test
wheat_healthy_d8daac47a617,data/vision_dataset/test/wheat_healthy/wheat_healthy_d8daac47a617.jpg,Wheat,wheat,Healthy,HLT_WHEAT,wheat_healthy,AgroNerve_Vision_Corpus,test
wheat_yellow_rust_145325525f35,data/vision_dataset/train/wheat_yellow_rust/wheat_yellow_rust_145325525f35.jpg,Wheat,wheat,Yellow Rust / Stripe Rust (Puccinia striiformis),DIS_009,wheat_yellow_rust,AgroNerve_Vision_Corpus,train
